car_ordinal,car_name,type,country
247,1969 Toyota 2000GT,Rare Classics,Japan
249,1964 Ferrari 250 GTO,Classic Racers,Italy
251,1954 Mercedes-Benz 300 SL,Rare Classics,Germany
253,1994 Ferrari 355 Berlinetta,Retro Supercars,Italy
255,1991 Ferrari 512 TR,Retro Supercars,Italy
260,1973 Porsche Carrera RS,Rare Classics,Germany
261,1995 Porsche 911 GT2,Retro Supercars,Germany
262,2004 Porsche 996 GT3,,
265,1982 Porsche 911 Turbo,Retro Supercars,Germany
268,1989 Porsche 944 turbo,Retro Sports Cars,Germany
269,1987 Porsche 959,Retro Supercars,Germany
281,1968 Plymouth Barracuda,Classic Muscle,USA
289,1969 Chevrolet Camaro SS,,
292,2003 Porsche Carrera GT,Retro Supercars,Germany
295,2003 Toyota Celica SS-I,,
296,1998 TVR Cerbera,Retro Supercars,UK
299,1970 Chevrolet Chevelle,Classic Muscle,USA
302,2004 Honda Civic Type R,Retro Hot Hatch,Japan
306,1965 Shelby Cobra 427,Rare Classics,USA
309,1995 Volkswagen Corrado,Retro Hot Hatch,Germany
312,1967 Chevrolet Corvette Stingray,Classic Sports Cars,USA
314,2002 Chevrolet Corvette Z 06,Retro Muscle,USA
315,1970 Chevrolet Corvette ZR 1,Classic Muscle,USA
316,1988 Lamborghini Countach,Retro Supercars,Italy
320,1991 Honda CR-X Si,Retro Hot Hatch,Japan
323,1992 Lancia Delta,Retro Rally,Italy
324,1999 Lamborghini Diablo GTR,Extreme Track Toys,Italy
325,1997 Lamborghini Diablo SV,Retro Supercars,Italy
326,1969 Ferrari Dino 246,Rare Classics,Italy
327,1995 Mitsubishi Eclipse GSX,Retro Sports Cars,Japan
333,2002 Ferrari Enzo,Retro Supercars,Italy
336,1961 Jaguar Etype,Rare Classics,UK
338,1997 McLaren F 1 GT,Retro Supercars,UK
340,1987 Ferrari F 40,Retro Supercars,Italy
342,1995 Ferrari F 50,Retro Supercars,Italy
343,1969 Nissan Fairlady 432 Z,Classic Sports Cars,Japan
344,2003 Nissan Fairlady Z,Retro Sports Cars,Japan
345,1994 Nissan Fairlady Zv STwin Turbo,Retro Sports Cars,Japan
348,2005 Ford gt,Retro Supercars,USA
353,1992 Volkswagen Golf GTi 16 v Mk 2,Retro Hot Hatch,Germany
357,1997 Mitsubishi GTO,Retro Sports Cars,Japan
358,1984 Ferrari GTO,Classic Racers,Italy
363,1998 Subaru Impreza 22 b,,
364,2004 Subaru WRXSTi,Modern Rally,Japan
365,2005 Subaru WRXSTi,Modern Rally,Japan
368,2001 Acura Integra Type R,Retro Hot Hatch,USA
374,2006 Mitsubishi Lancer Evo IXMR,Modern Rally,Japan
378,2004 Mitsubishi Lancer Evo VIIIMR,Modern Rally,Japan
379,2005 Subaru Legacy B 4 GT,Retro Super Saloons,Japan
382,1997 BMW E 36 M 3,,
383,2005 BMW E 46 M 3,,
391,2004 Maserati MC 12,Retro Supercars,Italy
398,1995 Toyota MR 2 GT,Retro Sports Cars,Japan
405,2000 Ford Mustang Cobra R,Retro Muscle,USA
411,2005 Honda NSXR,Retro Sports Cars,Japan
412,1992 Honda NSXR,Retro Sports Cars,Japan
417,1987 Buick Regal GNX,Retro Muscle,USA
419,2006 Audi RS 4,Modern Super Saloons,Germany
420,2003 Audi RS 6,Retro Super Saloons,Germany
422,2002 Acura RSX Type S,Retro Hot Hatch,USA
423,1990 Mazda RX 7,Retro Sports Cars,Japan
427,2003 Honda S 2000,Modern Sports Cars,Japan
433,2005 TVR Sagaris,Retro Sports Cars,UK
440,1994 Nissan Silvia Ks,Retro Sports Cars,Japan
455,1985 Toyota Sprinter,Retro Sports Cars,Japan
458,1974 Lancia Stratos,Classic Rally,Italy
460,1992 Toyota Supra 20 GT,Retro Sports Cars,Japan
461,1998 Toyota Supra RZ,Retro Sports Cars,Japan
483,1999 Dodge Viper GTSACR,Retro Muscle,USA
489,1993 Jaguar XJ 220,Retro Supercars,UK
513,1969 Dodge Charger RT,Classic Muscle,USA
567,1998 Nissan R 390,Retro Supercars,Japan
568,1998 Mercedes-Benz CLKGTR,Retro Supercars,Germany
569,2005 Honda NSXRGT,Retro Sports Cars,Japan
615,2007 Peugeot 207 Super 2000,Rally Monsters,France
625,2007 Honda Civic Type R,Retro Hot Hatch,Japan
633,1983 Audi Sport Quattro,Retro Rally,Germany
634,1980 Renault 5 Turbo,Retro Rally,France
637,1967 Lamborghini Miura P 400,Rare Classics,Italy
639,1970 Dodge Challenger Hemi,,
641,1998 Porsche 996 GT 1,,
1006,2005 Ferrari FXX,Extreme Track Toys,Italy
1007,2008 Koenigsegg CCGT,Extreme Track Toys,Sweden
1009,2008 Mitsubishi Lancer Evo XGSR,Modern Rally,Japan
1011,2008 BMW M 3 E 92,,
1020,1996 Ferrari f 50 gt,Extreme Track Toys,Italy
1022,2007 Ferrari F 430 Scuderia,Modern Supercars,Italy
1023,1989 Ferrari F 40 Competizione,Retro Racers,Italy
1032,2008 Alfa Romeo 8 C,Modern Sports Cars,Italy
1034,1994 Toyota Celica ST 205,,
1040,1981 BMW M 1,Retro Supercars,Germany
1041,1993 Ford Mustang SVTCobra R,Retro Muscle,USA
1042,1971 Nissan Skyline 2000 GTR,Classic Sports Cars,Japan
1045,1987 Pontiac Trans Am GTA,Retro Muscle,USA
1046,2008 Dodge Viper SRT 10 ACR,Track Toys,USA
1052,2006 Dodge Ram SRT 10,Modern Muscle,USA
1059,2008 BMW Z 4 MCoupe,Modern Sports Cars,Germany
1060,2008 Subaru WRXSTi,Modern Rally,Japan
1063,1969 Dodge Charger Daytona,Classic Muscle,USA
1064,1979 Chevrolet Camaro Z 28,Classic Muscle,USA
1069,2009 Chevrolet Corvette ZR 1,Classic Muscle,USA
1086,2009 Ford Focus RS,Retro Hot Hatch,USA
1090,2009 Mercedes-Benz SL 65 AMG,Super GT,Germany
1093,1960 Chevrolet Corvette,Classic Sports Cars,USA
1103,2010 Nissan 370 Z,Modern Sports Cars,Japan
1104,1970 Nissan 510,,
1105,1964 Aston Martin DB 5 Vantage,GT Cars,UK
1108,1987 Ford RS 200 Evolution,Rally Monsters,USA
1110,1994 Mazda Miata,Retro Sports Cars,Japan
1124,1980 Fiat 131 Abarth Stradale,,
1126,2009 BMW M 5,Retro Super Saloons,Germany
1130,2011 McLaren MP 412 C,,
1131,2010 Ferrari F 142,,
1150,1965 Alfa Romeo GTA,Rare Classics,Italy
1155,1965 Shelby Cobra Daytona,Classic Racers,USA
1171,2010 Ferrari 599 XX,Extreme Track Toys,Italy
1173,2010 Lamborghini LP 6704 SV,,
1175,2010 Pagani Zonda R,Extreme Track Toys,Italy
1184,2009 Audi RS 6,Retro Super Saloons,Germany
1200,2009 Audi R 8 LMS,Extreme Track Toys,Germany
1204,2010 Renault Megane RS 250,Super Hot Hatch,France
1215,2000 Nissan CAR,,
1216,2011 Audi RS 3,Super Hot Hatch,Germany
1220,2010 Audi TTRS,,
1221,2010 Mazda Mazdaspeed 3,Hot Hatch,Japan
1229,2008 Mazda Furai,Extreme Track Toys,Japan
1231,2010 Volkswagen Golf R,Super Hot Hatch,Germany
1253,2010 Noble M 600,Modern Supercars,UK
1260,2010 Lexus LFA,Modern Supercars,USA
1269,1973 BMW 2002 Turbo,Classic Sports Cars,Germany
1270,1982 DeLorean DMC 12,Retro Sports Cars,USA
1272,1992 Ford Escort RSCosworth,Retro Rally,USA
1273,1997 Honda Civic Type R,Retro Hot Hatch,Japan
1276,1977 Pontiac Firebird Trans Am,Classic Muscle,USA
1277,1971 Chrysler Cuda 426,,
1278,1973 Ford XBFalcon GT,Classic Muscle,USA
1282,1994 Nissan 240 SX,Retro Sports Cars,Japan
1291,1970 Chevrolet El Camino SS,,
1293,1987 Ford RS 500,,
1294,1992 GMC Syclone,Pickups & 4x4's,USA
1296,1990 Mercedes-Benz 190 E,Retro Super Saloons,Germany
1299,1983 Volvo 242 Turbo,Classic Rally,Sweden
1300,1964 Chevrolet Impala SS,,
1301,1956 Jaguar DType,Classic Racers,UK
1314,1993 McLaren F 1,Retro Supercars,UK
1323,2011 Subaru WRXSTi,Modern Rally,Japan
1330,1970 Chevrolet Camaro Z 28,Classic Muscle,USA
1332,1968 Dodge Dart,Classic Muscle,USA
1335,1991 Mazda 55 787 B,,
1350,2011 BMW X 5 M,Sports Utility Heroes,Germany
1352,1970 Dodge superbee,,
1355,1965 Ford Mustang,Classic Muscle,USA
1367,2003 BMW M 5 E 39,,
1368,1988 BMW M 5 E 28,,
1369,2009 Pagani Zonda Cinque,Hypercars,Italy
1376,1999 Lotus Elise,Retro Supercars,UK
1379,1996 Chevrolet Impala SS,,
1381,1992 Mitsubishi Galant VR 4,Retro Rally,Japan
1382,1990 Subaru Legacy RS,Retro Rally,Japan
1388,2012 BMW M 5,Retro Super Saloons,Germany
1392,2011 Lamborghini Sesto Elemento,Extreme Track Toys,Italy
1393,1992 Alfa Romeo 155,Retro Super Saloons,Italy
1394,1993 GMC Typhoon,Sports Utility Heroes,USA
1395,1989 Toyota MR 2 SC,Retro Sports Cars,Japan
1397,2011 Koenigsegg Agera,Hypercars,Sweden
1398,2012 Lamborghini LP 7004,,
1417,2011 Audi RS 5,Modern Super Saloons,Germany
1418,1995 BMW M 5,Retro Super Saloons,Germany
1426,2011 Mazda RX 8 R 3,Modern Sports Cars,Japan
1428,2011 Volkswagen Scirocco R,Hot Hatch,Germany
1429,1969 Chevrolet Nova SS,,
1435,1966 Volkswagen Beetle,Cult Cars,Germany
1459,1957 Chevrolet Bel Air,Rods and Customs,USA
1477,2011 Ford Transit SSV,,
1478,1986 Audi 2 Sport Quattro,Retro Rally,Germany
1480,1985 Mazda RX 7,Retro Sports Cars,Japan
1481,1965 Austin-Healey 3000,Classic Sports Cars,UK
1493,1996 BMW 850 CSi,Retro Sports Cars,Germany
1500,2012 Mercedes-Benz C 63 AMG,Modern Super Saloons,Germany
1513,1997 Maserati Ghibli,Retro Sports Cars,Italy
1514,1973 Mazda RX 3,Classic Sports Cars,Japan
1517,1990 Toyota Celica ST 185,,
1522,2012 Jeep Wrangler,Pickups & 4x4's,USA
1529,1974 Ford Capri,Classic Sports Cars,USA
1532,2012 Hennessey Venom GT,Hypercars,USA
1533,1977 Holden Torana,Classic Muscle,Australia
1537,1973 Toyota Corolla SR 5,Classic Sports Cars,Japan
1549,1968 Alfa Romeo 33 Stradale,Classic Racers,Italy
1559,1955 Mercedes-Benz 300 slr,Classic Racers,Germany
1562,2013 Viper Viper,,
1564,1953 Chevrolet Corvette,Classic Sports Cars,USA
1568,1974 Honda Civic RS,Retro Hot Hatch,Japan
1575,1988 Chevrolet Monte Carlo,Retro Muscle,USA
1578,1963 Ferrari 250 GTLusso,Classic Racers,Italy
1586,1962 Lincoln Continental,Rods and Customs,USA
1587,1972 Mazda Cosmo,Classic Sports Cars,Japan
1591,1984 Peugeot 205 T 16,Retro Rally,France
1598,2010 BMW M 3 GTS,Track Toys,Germany
1599,2012 Ferrari 599 XXEvolution,Extreme Track Toys,Italy
1601,2012 Lamborghini Gallardo LP 570 Spyder,,
1607,2013 Audi RS 4 Avant,Retro Super Saloons,Germany
1627,2013 Mercedes-Benz G 65 AMG,Pickups & 4x4's,Germany
1650,1986 Honda Civic Si,Retro Hot Hatch,Japan
1651,2013 Ariel Atom,Extreme Track Toys,UK
1654,2013 Ford Mustang GT 500,Retro Supercars,USA
1655,2013 Subaru BRZ,Modern Sports Cars,Japan
1658,2013 Mercedes-Benz A 45 AMG,Super Hot Hatch,Germany
1661,1986 Lancia Delta S 4,Retro Rally,Italy
1662,1965 MINI Cooper S,Classic Rally,UK
1667,2013 McLaren P 1,Hypercars,UK
1668,1969 Ford mustangboss 302,Classic Muscle,USA
2002,2012 Nissan GT-R,Retro Racers,Japan
2003,2013 MINI JCWGP,,
2004,2013 Mazda MX 5,Modern Sports Cars,Japan
2006,1995 Chevrolet Corvette ZR 1,Classic Muscle,USA
2007,2013 Toyota GT 86,Modern Sports Cars,Japan
2009,2013 Audi RS 7,Modern Super Saloons,Germany
2010,2013 Audi R 8 Plus,Modern Supercars,Germany
2017,1968 Fiat 595 SS,,
2019,2003 Ford focusrs,Retro Hot Hatch,USA
2034,2013 Ferrari La Ferrari,Hypercars,Italy
2038,2014 Alfa Romeo 4 C,Modern Sports Cars,Italy
2040,2014 BAC Mono,Track Toys,UK
2042,2013 Lamborghini Veneno,Hypercars,Italy
2119,1984 Honda CRXMugen,,
2121,1994 Honda Prelude,Retro Hot Hatch,Japan
2128,2013 Cadillac XTSLimo,,
2131,2014 Holden HSVGTS,,
2133,2015 BMW i 8,Modern Sports Cars,Germany
2140,1981 Subaru BRAT,Utility Heroes,Japan
2142,2014 Volkswagen Golf R,Super Hot Hatch,Germany
2145,2014 Ford Ranger T 6,,
2147,1986 MG metro 6 r 4,Rally Monsters,UK
2148,2013 MINI xraidcountryman,,
2149,1993 Renault Clio Williams,Retro Hot Hatch,France
2151,1963 Volkswagen Type 2,Cult Cars,Germany
2154,2014 BMW M 4,,
2161,1965 Alfa Romeo Giulia TZ 2,Classic Racers,Italy
2163,2015 Honda Civic Type R,Retro Hot Hatch,Japan
2164,2015 Lamborghini Huracan,Modern Supercars,Italy
2168,2015 Subaru WRXSTI,Modern Rally,Japan
2171,2005 Mazda MX 5,Modern Sports Cars,Japan
2175,2015 Lexus RCF,Modern Super Saloons,USA
2177,2015 Chevrolet Corvette Z 06,Retro Muscle,USA
2178,2001 Audi RS 4,Modern Super Saloons,Germany
2179,2015 Audi S 1,Hot Hatch,Germany
2180,2015 Audi RS 6,Retro Super Saloons,Germany
2183,2015 Chevrolet Camaro Z 28,Classic Muscle,USA
2184,2015 Ferrari 458 Speciale,Track Toys,Italy
2188,2015 Koenigsegg one,Hypercars,Sweden
2205,1970 Honda S 800,Cult Cars,Japan
2216,1958 Plymouth Fury,Rods and Customs,USA
2217,1996 Subaru SVX,Retro Sports Cars,Japan
2242,2015 Mercedes-Benz AMGGT,Retro Supercars,Germany
2262,2016 Cadillac ATSV,Modern Muscle,USA
2263,2015 Dodge Challenger Hellcat,Modern Muscle,USA
2267,2016 Mazda MX 5,Modern Sports Cars,Japan
2270,1973 Nissan Skyline GT-R,Retro Sports Cars,Japan
2272,1969 Datsun 2000,Classic Sports Cars,Japan
2290,2014 Porsche 918 Spyder,Hypercars,Germany
2297,2012 Porsche 911 GT 3 RS,Track Toys,Germany
2357,2017 Ford Focus RS,Retro Hot Hatch,USA
2363,2016 Ford Phoenix,,
2371,2016 Ferrari FXXK,Extreme Track Toys,Italy
2372,2032 Ford Coupe,Rods and Customs,USA
2400,2016 Ford Shelby GT 350 R,Retro Supercars,USA
2412,1962 BMW isetta,Cult Cars,Germany
2416,1971 Meyers Manx,Buggies,USA
2420,1984 Opel manta 400,Rally Monsters,Germany
2421,2016 Cadillac CTSVSedan,Modern Muscle,USA
2422,2016 Holden HSVGTSMaloo,,
2430,2016 Ariel Nomad,Unlimited Buggies,UK
2467,2016 Ferrari 488 gtb,Modern Supercars,Italy
2468,2015 Dodge chargersrthellcat,Modern Muscle,USA
2469,1965 Toyota Sports 800,Classic Sports Cars,Japan
2470,2016 Aston Martin Vulcan,Extreme Track Toys,UK
2471,2016 Mercedes-Benz C 63 AMGCoupe,,
2472,2016 McLaren 570 S,,
2473,2016 Audi r 8 v 10 plus,Modern Supercars,Germany
2486,2015 Radical RXC,Extreme Track Toys,UK
2489,2016 Fiat 695 Abarth,,
2494,2015 Land Rover rangeroversvr,Sports Utility Heroes,UK
2507,1955 Chevrolet 150 Utility Sedan,Rods and Customs,USA
2512,1987 Nissan Skyline GTSR,Retro Sports Cars,Japan
2515,2011 Penske Cholla,,
2517,2014 Ford 11 F 150 Trophy Truck,Unlimited Offroad,USA
2526,2016 Koenigsegg regera,Hypercars,Sweden
2527,2017 Aston Martin DB 11,Super GT,UK
2534,1993 Porsche 968 Turbo S,Retro Sports Cars,Germany
2535,1993 Porsche 928 GTS,Retro Sports Cars,Germany
2542,2016 Alfa Romeo Giulia,Rare Classics,Italy
2544,2016 Dodge Viper ACR,Track Toys,USA
2549,1970 Porsche 3 917 LH,Classic Racers,Germany
2551,2015 Ford Pursuit Ute,Utility Heroes,USA
2552,2015 Ariel Class 10,,
2563,1972 Reliant Supervan III,Utility Heroes,UK
2566,1975 Toyota FJ 40,Pickups & 4x4's,Japan
2568,1969 Volkswagen Class 5 Bug,Buggies,Germany
2569,2015 Ultima Evolution Coupe,Extreme Track Toys,UK
2574,2015 343 Industries Warthog,,
2577,2015 Ferrari F 12 tdf,Super GT,Italy
2613,1970 GMC Jimmy,Pickups & 4x4's,USA
2614,1968 Ford Mustang GT 390,Retro Supercars,USA
2616,2017 Lamborghini Bellissima,,
2618,2017 Nissan GT-R,Retro Racers,Japan
2625,2016 Bentley bentayga,Sports Utility Heroes,UK
2628,2016 BMW M 4 GTS,Track Toys,Germany
2636,1993 Toyota 1 Baja Truck,Unlimited Offroad,Japan
2647,2016 Pagani huayra,Hypercars,Italy
2649,2010 Ford crownvictoria,,
2652,1997 Mitsubishi Pajero Evo,,
2654,2017 Mercedes-Benz AMGGTR,Retro Supercars,Germany
2659,1998 Nissan Silvia Ks,Retro Sports Cars,Japan
2663,2016 RJ Anderson 37 Pro 2 Truck,Unlimited Offroad,USA
2711,2010 Mazda Mazdaspeed 3 Traffic,Hot Hatch,Japan
2712,1992 Mitsubishi Galant VR 4 Traffic,Retro Rally,Japan
2713,2014 Playground Games Box Truck Traffic,,
2714,2014 Playground Games Bus Traffic,,
2738,1995 Nissan gtrlm,,
2739,2017 Chevrolet camarozl 1,Modern Muscle,USA
2742,2017 Jeep Trailcat,Unlimited Offroad,USA
2743,2016 Toyota Land Cruiser Arctic,Pickups & 4x4's,Japan
2745,2015 Honda Trophy Truck,Unlimited Offroad,Japan
2755,2017 Porsche Raymond,,
2773,2018 Porsche Cayenne,Sports Utility Heroes,Germany
2792,1966 Ford 2 GT 40,Retro Supercars,USA
2793,1967 Ferrari 24 330 P 4,,
2794,1993 Porsche 911 Turbo S,Modern Supercars,Germany
2801,1984 Nissan 11 Skyline,Retro Racers,Japan
2822,1985 Nissan Safari,Pickups & 4x4's,Japan
2825,1997 Lotus Elise GT 1,Retro Supercars,UK
2841,2018 Jeep Trackhawk,Sports Utility Heroes,USA
2870,2018 Honda Civic Type R,Retro Hot Hatch,Japan
2871,2018 Can-Am Maverick,UTV's,Canada
2872,2019 Hyundai Veloster N,Super Hot Hatch,Korea
2902,2018 Playground Games Flatbed Truck Traffic,,
2903,2005 Subaru Legacy B 4 GT Traffic,,
2909,2018 Dodge Demon,Modern Muscle,USA
2910,2017 Koenigsegg Agera RS,Hypercars,Sweden
2935,2018 Funco F 9,,
2937,2017 Ford 14 Fiesta GRC,,
2968,2023 Aston Martin Valkyrie,Hypercars,UK
2974,2018 Ferrari 812 Superfast,Super GT,Italy
2986,2017 Mercedes-Benz Unimog,Offroad,Germany
2987,1962 Peel P 50,Cult Cars,UK
2992,1964 Jaguar Etype Lightweight,,
2993,2018 TVR Griffith,Modern Sports Cars,UK
2995,1983 Volkswagen Golf GTI,Retro Hot Hatch,Germany
2996,2015 Ford 13 Mustang FD,,
2997,2016 Holden 530 Maloo FD,,
3000,1997 Nissan 777 240 SXFD,,
3003,2006 Dodge 43 Viper FD,,
3007,2017 Volkswagen 34 Beetle GRC,Cult Cars,Germany
3031,1986 Porsche 186 959,Retro Supercars,Germany
3035,2018 KTM XBow GT 4,Extreme Track Toys,Austria
3037,1989 BMW 98 325 i FD,,
3051,2017 Ford MSport Fiesta,Rally Monsters,USA
3055,2010 Jaguar CX 75,Modern Supercars,UK
3062,1970 Ferrari 512 S,Classic Racers,Italy
3063,2018 Mercedes-Benz XClass,Pickups & 4x4's,Germany
3064,2018 Mercedes-Benz AMGGT 4,Retro Supercars,Germany
3072,2018 Porsche 911 GT 3 RS,Track Toys,Germany
3082,2006 Maserati MC 12 Corsa,,
3087,2014 McLaren 650 SSpider,Modern Supercars,UK
3088,2018 Chevrolet Deberti Drift Truck,,
3091,2018 Aston Martin Vantage,GT Cars,UK
3107,2014 Mercedes-Benz G 63 AMG 6 x 6,Pickups & 4x4's,Germany
3108,2018 Ford Mustang RTRSpec 5,Modern Muscle,USA
3110,2013 Jeep Deberti Wrangler,,
3117,2018 Porsche 718 Cayman GTS,Modern Sports Cars,Germany
3118,2019 Chevrolet Corvette ZR 1,Classic Muscle,USA
3120,2019 Lamborghini Urus,Sports Utility Heroes,Italy
3123,2019 Porsche 992,Retro Supercars,Germany
3128,2017 Ford 25 Ultra 4 Bronco,,
3129,2008 Renault Megane R 26 R,Hot Hatch,France
3132,2018 MINI JCWBuggy,,
3134,2018 Renault Megane RS,Super Hot Hatch,France
3141,2018 Apollo Intensa,Extreme Track Toys,Germany
3149,2018 Chevrolet Camaro 1 LE,Track Toys,USA
3153,2019 McLaren 600 LT,,
3156,2019 McLaren Speedtail,Hypercars,UK
3170,1994 Ford Supervan 3,Track Toys,USA
3173,2019 BMW Z 4,,
3176,1987 Mercedes-Benz AMGHammer,Retro Super Saloons,Germany
3180,1991 Peugeot 205 Rallye,Retro Hot Hatch,France
3184,1977 Ford 5 Escort Mk 2,,
3185,2019 Aston Martin DBSSuperleggera,Super GT,UK
3187,2018 Porsche 00 Macan RR,,
3189,2018 Hennessey Velociraptor 6 x 6,,
3190,2003 Ford SVTLightning,Pickups & 4x4's,USA
3211,2019 Aston Martin Vulcan AMRPro,Extreme Track Toys,UK
3212,2019 Zenvo TSR-S,Hypercars,Denmark
3214,2019 Porsche 70 935,Extreme Track Toys,Germany
3225,2018 Ferrari Portofino,Super GT,Italy
3226,2017 Ferrari J 50,Modern Supercars,Italy
3227,2019 Ferrari 488 Pista,Track Toys,Italy
3228,1999 Ford Racing Puma,Retro Rally,USA
3232,2013 Chevrolet 777 Corvette FD,Classic Sports Cars,USA
3235,1982 Volkswagen Caddy,,
3241,2018 Subaru 00 VT 18 X,,
3249,2018 Ferrari 117 599 FD,,
3250,2018 Mercedes-Benz E 63 SAMG,Pickups & 4x4's,Germany
3255,2020 Jeep Gladiator,,
3257,1990 Nissan Pulsar GTIR,Retro Rally,Japan
3277,2020 Ford Mustang GT 500,Retro Supercars,USA
3287,1991 Jaguar XJR 15,Retro Supercars,UK
3288,1993 Porsche 962 CRS,,
3289,2019 Lamborghini Aventador SVJ,Hypercars,Italy
3293,1993 Jaguar XJ 220 S,Retro Supercars,UK
3307,2019 Nissan 370 ZNismo,Modern Sports Cars,Japan
3311,2018 Ferrari FXXKEvo,Extreme Track Toys,Italy
3312,2019 Ferrari Monza SP 2,Super GT,Italy
3315,2020 Koenigsegg Jesko,Hypercars,Sweden
3318,2018 Audi RS 4 Avant,Retro Super Saloons,Germany
3359,2018 Audi Etron,,
3363,1998 Nissan 23 Skyline,Retro Racers,Japan
3364,2021 Aston Martin Valhalla,Hypercars,UK
3367,2020 Ferrari F 8 Tributo,Modern Supercars,Italy
3369,2020 Chevrolet Corvette,Classic Sports Cars,USA
3371,2020 Lamborghini Huracan EVO,Modern Supercars,Italy
3373,2019 Toyota 4 Runner TRDPro,Pickups & 4x4's,Japan
3374,2019 Toyota Tacoma TRDPro,Pickups & 4x4's,Japan
3395,1967 Renault 8 Gordini,Classic Rally,France
3400,2019 Mazda 99 RX 8 FD,,
3402,2020 Toyota Supra GR,Modern Sports Cars,Japan
3404,2020 Ford 2069 Bronco R,Offroad,USA
3411,1995 Toyota 34 Supra Mk IV,,
3412,2019 Subaru WRXSTi S 209,Modern Rally,Japan
3413,2019 Volkswagen Golf R,Super Hot Hatch,Germany
3414,2020 Land Rover Defender,Sports Utility Heroes,UK
3434,2020 BMW M 2 Comp,,
3439,2019 Ford F 250 Deberti,,
3441,2019 Toyota Tacoma Deberti,,
3445,2020 Porsche Taycan Turbo S,Modern Super Saloons,Germany
3449,2020 Lotus Evija,Hypercars,UK
3454,2020 Audi RS 3 Sedan,Modern Super Saloons,Germany
3476,2020 Ford F 450 DRW,Pickups & 4x4's,USA
3477,2020 Chevrolet Silverado LTZ 71,,
3482,2021 McLaren 765 LT,,
3486,2012 Jeep Wrangler Traffic,,
3498,2017 Saleen S 7 LM,Extreme Track Toys,USA
3518,2020 BMW M 8,,
3520,2021 Lexus LC 500,GT Cars,USA
3523,2020 Toyota 151 Supra GRFD,,
3524,2019 Toyota 411 Corolla FD,,
3533,2022 Volkswagen Golf R,Super Hot Hatch,Germany
3534,2021 MINI JCWGP,,
3539,2020 Sierra Cars 23 Alpha,Extreme Track Toys,USA
3540,2021 Sierra Cars 00 RX 3,UTV's,USA
3543,2022 Pagani Huayra R,Extreme Track Toys,Italy
3548,2020 Wuling Hongguang S,,
3549,2020 Ariel 122 Class 1,,
3551,2020 BMW 91 M 2 FD,,
3554,2005 Mitsubishi 1 Evo TA,,
3580,2019 Aston Martin DBX,Sports Utility Heroes,UK
3583,2021 Audi RS 6 Avant,Modern Super Saloons,Germany
3584,2021 Audi RS 7,Modern Super Saloons,Germany
3590,1973 Chevrolet CKPickup,,
3594,2021 Ferrari Roma,Super GT,Italy
3595,2020 Ferrari SF 90 Stradale,Hypercars,Italy
3597,1983 Ford F 150,Pickups & 4x4's,USA
3599,2022 Gordon Murray Automotive T 50,Hypercars,UK
3600,2021 Hennessey Venom F 5,Hypercars,USA
3603,2019 Jeep 4422 Trophy,,
3604,2019 Jimco Hammer Head Buggy,,
3605,2019 Jimco Trophy Truck,Unlimited Offroad,USA
3606,2021 Lamborghini 63 Essenza,,
3608,2021 Lamborghini Sian Roadster,Hypercars,Italy
3611,2022 Maserati MC 20,Modern Supercars,Italy
3616,2021 Mercedes-Benz GTBlack Series,Super GT,Germany
3617,2022 Mercedes-Benz SL 63 AMG,GT Cars,Germany
3622,2019 Nissan GTRNismo,Track Toys,Japan
3625,2021 Rimac Nevera,Hypercars,Croatia
3629,2021 Toyota Yaris GR,Modern Rally,Japan
3631,2022 Aston Martin Valkyrie AMRPro,Extreme Track Toys,UK
3645,2021 BMW M 4,,
3650,2021 Mercedes-Benz AMGOne,,
3655,2021 McLaren 620 R,Track Toys,UK
3657,2022 Rivian R 1 T,Pickups & 4x4's,USA
3661,2018 Lotus Exige Cup 430,Track Toys,UK
3662,2020 RJ Anderson 37 Pro 4,Unlimited Offroad,USA
3665,2021 Sierra Cars 00 700 R,UTV's,USA
3667,2021 Porsche 911 GT 3,Retro Supercars,Germany
3668,2023 McLaren Artura,Modern Supercars,UK
3670,2001 Ford 4 Focus WRC,Rally Monsters,USA
3672,2021 Lamborghini Huracan STO,Track Toys,Italy
3678,2020 Hyundai i 30 N,Super Hot Hatch,Korea
3686,2021 Polaris 51 RZRDakar,,
3687,2021 Polaris RZRPro XP,,
3692,2022 Ford F 150 Lightning,Pickups & 4x4's,USA
3693,2021 Ariel 6165 Class 6100,,
3698,2022 Porsche Mission R,Extreme Track Toys,Germany
3700,2021 McLaren Sabre,Hypercars,UK
3716,2023 Lotus Emira,Modern Sports Cars,UK
3719,2022 Cadillac CT 4 VBlackwing,Modern Muscle,USA
3720,2022 Cadillac CT 5 VBlackwing,Modern Muscle,USA
3722,2022 GMC Hummer EV,Pickups & 4x4's,USA
3724,2022 Ferrari 296 GTB,Modern Supercars,Italy
3726,2023 Acura Integra,Retro Hot Hatch,USA
3728,2021 Bentley Continental GTC,,
3735,2022 Subaru BRZ,Modern Sports Cars,Japan
3736,2022 Ford Bronco Raptor,Pickups & 4x4's,USA
3737,2022 BMW i X,,
3744,2023 Nissan 64 ZFD,,
3745,2020 Audi R 8,,
3750,1995 Mitsubishi Pajero,,
3753,2023 Lamborghini Huracan Tecnica,Modern Supercars,Italy
3755,2022 Ford 4 Electric Supervan,Extreme Track Toys,USA
3760,2022 Porsche 718 Cayman GT 4 RS,Track Toys,Germany
3761,2022 Toyota GR 86,Modern Sports Cars,Japan
3763,2023 BMW M 2,Modern Super Saloons,Germany
3764,2022 BMW M 5 CS,Modern Super Saloons,Germany
3766,2023 Chevrolet Corvette Z 06,Retro Muscle,USA
3767,2022 Acura NSX Type S,Modern Supercars,USA
3771,2023 Chevrolet Corvette ERay,Modern Supercars,USA
3773,2023 Honda Civic Type R,Retro Hot Hatch,Japan
3774,2023 Lamborghini Countach,Retro Supercars,Italy
3775,2022 Lamborghini Aventador Ultimae,Hypercars,Italy
3781,2023 Porsche 911 GT 3 RS,Track Toys,Germany
3783,1989 Volkswagen Golf Rallye,Retro Rally,Germany
3785,1997 Toyota Soarer,Retro Sports Cars,Japan
3789,2022 Wuling Mini EV,Hot Hatch,China
3795,2023 Meyers Manx,Buggies,USA
3798,2017 Mazda 00 MX 5 Cup,Modern Sports Cars,Japan
3811,2023 Lucid Air,Modern Super Saloons,USA
3819,2022 Subaru WRX,Modern Rally,Japan
3823,2022 Mazda MX 5 RF,Modern Sports Cars,Japan
3827,2023 Hyundai Ioniq 5 N,Sports Utility Heroes,Korea
3829,2022 Hyundai NVision 74,Track Toys,Korea
3840,2023 Lamborghini Huracan Sterrato,Rally Monsters,Italy
3846,2024 Ford Mustang GT,Modern Muscle,USA
3847,2024 Ford Mustang Dark Horse,Modern Muscle,USA
3848,2023 Toyota Camry TRD,Modern Super Saloons,Japan
3849,2023 Ford F 150 Raptor R,Pickups & 4x4's,USA
3850,2021 Dodge Durango Hellcat,Sports Utility Heroes,USA
3851,1991 Toyota Sera,Eclectic Domestics,Japan
3852,1991 Honda Beat,Eclectic Domestics,Japan
3854,1993 ATS AZ 1,,
3855,1991 Nissan Figaro,Eclectic Domestics,Japan
3856,1987 Nissan BE 1,Eclectic Domestics,Japan
3858,1997 Nissan Stagea,Retro Super Saloons,Japan
3859,1984 Honda City,Eclectic Domestics,Japan
3860,1989 Nissan SCargo,Eclectic Domestics,Japan
3865,1994 Honda Acty,Eclectic Domestics,Japan
3880,2023 Toyota GRCorolla,Super Hot Hatch,Japan
3886,1995 Mitsubishi Lancer Evo III,,
3891,2024 Lamborghini Revuelto,Hypercars,Italy
3895,2020 Mercedes-Benz SLC 43 AMG,,
3903,2023 Ford Fiesta ST,Hot Hatch,USA
3904,2022 Ford Focus ST,Hot Hatch,USA
3908,2022 Honda e,Hot Hatch,Japan
3910,2023 Porsche 911 Dakar,,
3914,1991 Toyota Chaser GT,Retro Super Saloons,Japan
3917,2023 Audi R 8 GT,,
3918,1995 Nissan Gloria,Retro Super Saloons,Japan
3921,2024 Nissan ZNismo,Modern Sports Cars,Japan
3928,2022 Hyundai i 20 N,Hot Hatch,Korea
3929,1989 Nissan Pao,Eclectic Domestics,Japan
3933,1997 Toyota Chaser,Retro Super Saloons,Japan
3953,2023 Porsche 911 Turbo S,Modern Supercars,Germany
3955,2024 Ram TRX,Pickups & 4x4's,USA
3959,2022 Dodge Challenger SRT,Modern Muscle,USA
3960,1994 Subaru Vivio RXR,Eclectic Domestics,Japan
3983,2024 BMW X 6 M,,
3999,2002 Nissan Silvia Spec R,Retro Sports Cars,Japan
4038,1999 Toyota Altezza,Retro Super Saloons,Japan
4055,1996 Toyota Starlet Glanza,Retro Hot Hatch,Japan
4057,1997 Nissan Skyline GT-R,Retro Sports Cars,Japan
4069,1988 BMW M 3,Retro Super Saloons,Germany
4081,2024 Koenigsegg Gemera,Hypercars,Sweden
4084,1972 Datsun 269 240 Z,,
4085,1990 Mitsubishi 269 Minicab,Track Toys,Japan
4090,2001 Mitsubishi Lancer Evo VITME,,
4094,2024 Nissan GTRNISMO,Track Toys,Japan
4114,1992 Nissan Skyline GT-R,Retro Sports Cars,Japan
4119,1998 Nissan Skyline Autech,,
4124,2013 Mercedes-Benz G 65 AMG Traffic,Pickups & 4x4's,Germany
4125,1994 Honda Acty Traffic,Eclectic Domestics,Japan
4126,2022 Honda e Traffic,Hot Hatch,Japan
4127,1995 Mitsubishi Pajero Traffic,,
4128,2022 Subaru WRX Traffic,Modern Rally,Japan
4129,1997 Nissan Stagea Traffic,,
4144,1992 Mazda RX 7,Retro Sports Cars,Japan
4145,1974 Mazda 123 808 Wagon,Drift Cars,Japan
4158,2010 Lexus LFAFE,Modern Supercars,USA
4160,1989 Nissan SCargo FE,Eclectic Domestics,Japan
4162,1985 Toyota Sprinter FE,,
4163,2020 Wuling Hongguang SFE,,
4164,2022 Subaru BRZFE,Modern Sports Cars,Japan
4165,1973 Mazda RX 3 FE,Classic Sports Cars,Japan
4166,2023 BMW M 2 FE,,
4167,2012 Nissan GTRFE,,
4168,1968 Ford Mustang GT 390 FE,Retro Supercars,USA
4169,1990 Mercedes-Benz 190 EFE,,
4171,1983 Ford F 150 FE,Pickups & 4x4's,USA
4175,2020 Ford F 450 DRWFE,,
4179,1990 Nissan 12 Skyline GTR,Retro Sports Cars,Japan
4197,1994 Mazda Miata FE,,
4198,1999 Dodge Viper GTSACRFE,Retro Muscle,USA
4199,2019 Toyota Tacoma TRDPro FE,Pickups & 4x4's,Japan
4200,2020 Lotus Evija FE,Hypercars,UK
4210,2018 Lotus 00 Exige WTA,,
4211,1990 Honda 19 CRXWTA,,
4212,1993 Nissan 32 Skyline WTA,,
4213,2000 Nissan 36 Silvia WTA,,
4214,1995 Toyota 00 Supra WTA,,
4216,1994 Honda Acty Jobs,Eclectic Domestics,Japan
4221,2026 Toyota Scallop,,
4222,1989 Nissan Silvia Ks,Retro Sports Cars,Japan
4223,2000 Nissan Skyline GTRVSpec II,Retro Sports Cars,Japan
4231,2004 Honda 52 S 2000 WTA,,
4232,2005 Porsche 00 Cayman WTA,,
4234,2008 Honda Civic Type R,Retro Hot Hatch,Japan
4250,1985 Toyota Sprinter TG,,
4251,2003 Honda S 2000 TG,Modern Sports Cars,Japan
4252,1998 Subaru Impreza 22 BTG,,
4254,2001 Honda 33 Integra WTA,Extreme Track Toys,Japan
4255,2005 Toyota Crown Taxi,Retro Super Saloons,Japan
4257,2017 Toyota JPNTaxi,Eclectic Domestics,Japan
4259,2013 Toyota GT 86 Stories,Modern Sports Cars,Japan
4260,2024 Nissan GTRNISMOID,Track Toys,Japan
4261,1995 Porsche 911 GT 2 ID,Retro Supercars,Germany
4263,2026 Toyota Scallop ID,,
4264,2018 Ferrari FXXKEvo WP,Extreme Track Toys,Italy
4265,2021 Mercedes-Benz GTBlack Series WP,,
4266,2021 BMW M 4 WP,,
4267,2004 Mitsubishi Lancer Evo VIIIMRWP,Modern Rally,Japan
4268,2023 Ford F 150 Raptor RWP,Pickups & 4x4's,USA
4277,1992 Honda 21 Civic WTA,,
4278,2025 Toyota Land Cruiser,Sports Utility Heroes,Japan
4287,1994 Subaru Vivio RXRFE,Eclectic Domestics,Japan
4303,2012 Nissan GTRTG,,
4313,1970 Porsche 3 917 LHFE,Classic Racers,Germany
4315,1962 Peel P 50 Trolli,,
4332,2005 Toyota Crown Taxi Traffic,,
4333,2017 Toyota JPNTaxi Traffic,,
4341,2017 Ferrari J 50 PO,Modern Supercars,Italy
4342,1965 Toyota Sports 800 Fanta,Classic Sports Cars,Japan
